step,age_years,frailty,stem_cell_pool,ros_level,myeloid_bias,telomere_length,methylation_age,is_alive
73,0.1999,0.201560,0.999996,0.053105,0.008516,1.000000,0.199922,true
146,0.3997,0.202856,0.999985,0.054492,0.009291,1.000000,0.399966,true
219,0.5996,0.204159,0.999970,0.055881,0.010074,1.000000,0.600132,true
292,0.7995,0.205467,0.999952,0.057272,0.010863,1.000000,0.800423,true
365,0.9993,0.206778,0.999931,0.058664,0.011658,1.000000,1.000837,true
438,1.1992,0.208094,0.999908,0.060058,0.012458,1.000000,1.201375,true
511,1.3990,0.209412,0.999883,0.061453,0.013263,1.000000,1.402036,true
584,1.5989,0.210734,0.999855,0.062850,0.014071,1.000000,1.602822,true
657,1.7988,0.212058,0.999826,0.064248,0.014884,1.000000,1.803731,true
730,1.9986,0.213386,0.999795,0.065647,0.015700,1.000000,2.004765,true
803,2.1985,0.214717,0.999761,0.067048,0.016520,1.000000,2.205923,true
876,2.3984,0.216052,0.999727,0.068450,0.017344,1.000000,2.407205,true
949,2.5982,0.217390,0.999690,0.069854,0.018171,1.000000,2.608611,true
1022,2.7981,0.218731,0.999652,0.071259,0.019002,1.000000,2.810143,true
1095,2.9979,0.220075,0.999612,0.072666,0.019836,1.000000,3.011798,true
1168,3.1978,0.221421,0.999571,0.074074,0.020673,1.000000,3.213578,true
1241,3.3977,0.222771,0.999528,0.075483,0.021513,1.000000,3.415483,true
1314,3.5975,0.224123,0.999484,0.076893,0.022356,1.000000,3.617513,true
1387,3.7974,0.225478,0.999438,0.078305,0.023202,1.000000,3.819668,true
1460,3.9973,0.226836,0.999391,0.079718,0.024051,1.000000,4.021949,true
1533,4.1971,0.228196,0.999342,0.081133,0.024903,1.000000,4.224352,true
1606,4.3970,0.229560,0.999292,0.082548,0.025758,1.000000,4.426884,true
1679,4.5969,0.230928,0.999240,0.083966,0.026616,1.000000,4.629539,true
1752,4.7967,0.232298,0.999187,0.085384,0.027477,1.000000,4.832319,true
1825,4.9966,0.233670,0.999133,0.086804,0.028341,1.000000,5.035226,true
1898,5.1964,0.235045,0.999077,0.088226,0.029207,1.000000,5.238257,true
1971,5.3963,0.236423,0.999020,0.089648,0.030075,1.000000,5.441416,true
2044,5.5962,0.237803,0.998962,0.091072,0.030947,1.000000,5.644699,true
2117,5.7960,0.239186,0.998902,0.092497,0.031821,1.000000,5.848108,true
2190,5.9959,0.240572,0.998841,0.093924,0.032697,1.000000,6.051644,true
2263,6.1958,0.241960,0.998779,0.095352,0.033577,1.000000,6.255305,true
2336,6.3956,0.243352,0.998715,0.096781,0.034459,1.000000,6.459093,true
2409,6.5955,0.244747,0.998651,0.098212,0.035344,1.000000,6.663007,true
2482,6.7953,0.246145,0.998584,0.099644,0.036231,1.000000,6.867046,true
2555,6.9952,0.247545,0.998517,0.101077,0.037121,1.000000,7.071214,true
2628,7.1951,0.248948,0.998448,0.102512,0.038013,1.000000,7.275507,true
2701,7.3949,0.250353,0.998378,0.103948,0.038908,1.000000,7.479928,true
2774,7.5948,0.251761,0.998307,0.105385,0.039805,1.000000,7.684474,true
2847,7.7947,0.253171,0.998234,0.106823,0.040705,1.000000,7.889147,true
2920,7.9945,0.254584,0.998160,0.108263,0.041607,1.000000,8.093946,true
2993,8.1944,0.256000,0.998085,0.109705,0.042512,1.000000,8.298870,true
3066,8.3943,0.257420,0.998009,0.111148,0.043419,1.000000,8.503927,true
3139,8.5941,0.258843,0.997931,0.112592,0.044330,1.000000,8.709111,true
3212,8.7940,0.260268,0.997852,0.114037,0.045242,1.000000,8.914422,true
3285,8.9938,0.261695,0.997772,0.115484,0.046157,1.000000,9.119859,true
3358,9.1937,0.263125,0.997690,0.116932,0.047074,1.000000,9.325421,true
3431,9.3936,0.264557,0.997608,0.118382,0.047993,1.000000,9.531112,true
3504,9.5934,0.265992,0.997524,0.119832,0.048914,1.000000,9.736935,true
3577,9.7933,0.267431,0.997438,0.121285,0.049839,1.000000,9.942884,true
3650,9.9932,0.268873,0.997352,0.122738,0.050766,1.000000,10.148961,true
3723,10.1930,0.270317,0.997264,0.124193,0.051696,1.000000,10.355165,true
3796,10.3929,0.271764,0.997175,0.125650,0.052627,1.000000,10.561497,true
3869,10.5927,0.273214,0.997085,0.127107,0.053562,1.000000,10.767956,true
3942,10.7926,0.274666,0.996994,0.128566,0.054498,1.000000,10.974546,true
4015,10.9925,0.276121,0.996901,0.130027,0.055437,1.000000,11.181267,true
4088,11.1923,0.277580,0.996807,0.131489,0.056378,1.000000,11.388115,true
4161,11.3922,0.279040,0.996712,0.132952,0.057322,1.000000,11.595091,true
4234,11.5921,0.280504,0.996616,0.134417,0.058269,1.000000,11.802195,true
4307,11.7919,0.281971,0.996518,0.135883,0.059217,1.000000,12.009427,true
4380,11.9918,0.283440,0.996419,0.137350,0.060168,1.000000,12.216787,true
4453,12.1916,0.284912,0.996319,0.138819,0.061122,1.000000,12.424282,true
4526,12.3915,0.286387,0.996218,0.140289,0.062078,1.000000,12.631905,true
4599,12.5914,0.287866,0.996115,0.141761,0.063036,1.000000,12.839657,true
4672,12.7912,0.289347,0.996011,0.143234,0.063997,1.000000,13.047538,true
4745,12.9911,0.290831,0.995906,0.144708,0.064960,1.000000,13.255548,true
4818,13.1910,0.292317,0.995799,0.146184,0.065925,1.000000,13.463687,true
4891,13.3908,0.293806,0.995692,0.147661,0.066893,1.000000,13.671956,true
4964,13.5907,0.295300,0.995583,0.149140,0.067864,1.000000,13.880358,true
5037,13.7906,0.296796,0.995473,0.150621,0.068837,1.000000,14.088891,true
5110,13.9904,0.298294,0.995361,0.152102,0.069813,1.000000,14.297554,true
5183,14.1903,0.299778,0.995248,0.150007,0.070254,1.000000,14.506347,true
5256,14.3901,0.301262,0.995134,0.147731,0.070670,1.000000,14.715269,true
5329,14.5900,0.302751,0.995019,0.145457,0.071088,1.000000,14.924321,true
5402,14.7899,0.304243,0.994903,0.143184,0.071510,1.000000,15.133504,true
5475,14.9897,0.305738,0.994785,0.140912,0.071933,1.000000,15.342817,true
5548,15.1896,0.307235,0.994666,0.138641,0.072359,1.000000,15.552263,true
5621,15.3895,0.308735,0.994546,0.136371,0.072787,1.000000,15.761842,true
5694,15.5893,0.310240,0.994424,0.134103,0.073218,1.000000,15.971551,true
5767,15.7892,0.311747,0.994301,0.131836,0.073651,1.000000,16.181379,true
5840,15.9890,0.313258,0.994177,0.129570,0.074087,1.000000,16.391348,true
5913,16.1889,0.314770,0.994052,0.127306,0.074525,1.000000,16.601456,true
5986,16.3888,0.316287,0.993925,0.125042,0.074965,1.000000,16.811695,true
6059,16.5886,0.317807,0.993797,0.122780,0.075408,1.000000,17.022066,true
6132,16.7885,0.319330,0.993668,0.120520,0.075854,1.000000,17.232569,true
6205,16.9884,0.320856,0.993538,0.118260,0.076302,1.000000,17.443203,true
6278,17.1882,0.322386,0.993406,0.116002,0.076752,1.000000,17.653969,true
6351,17.3881,0.323919,0.993273,0.113745,0.077205,1.000000,17.864866,true
6424,17.5880,0.325455,0.993139,0.111489,0.077661,1.000000,18.075897,true
6497,17.7878,0.326993,0.993003,0.109235,0.078118,1.000000,18.287060,true
6570,17.9877,0.328537,0.992866,0.106982,0.078579,1.000000,18.498356,true
6643,18.1875,0.330083,0.992728,0.104730,0.079042,1.000000,18.709785,true
6716,18.3874,0.331632,0.992589,0.102479,0.079508,1.000000,18.921349,true
6789,18.5873,0.333185,0.992448,0.100230,0.079976,1.000000,19.133043,true
6862,18.7871,0.334742,0.992306,0.097982,0.080447,1.000000,19.344872,true
6935,18.9870,0.336302,0.992162,0.095736,0.080920,1.000000,19.556833,true
7008,19.1869,0.337864,0.992018,0.093491,0.081396,1.000000,19.768930,true
7081,19.3867,0.339431,0.991872,0.091247,0.081875,1.000000,19.981161,true
7154,19.5866,0.341002,0.991724,0.089004,0.082356,1.000000,20.193525,true
7227,19.7864,0.342575,0.991575,0.086763,0.082840,1.000000,20.406025,true
7300,19.9863,0.344153,0.991425,0.084523,0.083327,1.000000,20.618658,true
7373,20.1862,0.345734,0.991274,0.082285,0.083816,1.000000,20.831427,true
7446,20.3860,0.347319,0.991121,0.080048,0.084308,1.000000,21.044331,true
7519,20.5859,0.348907,0.990967,0.077812,0.084802,1.000000,21.257368,true
7592,20.7858,0.350499,0.990812,0.075578,0.085300,1.000000,21.470541,true
7665,20.9856,0.352095,0.990655,0.073345,0.085800,1.000000,21.683851,true
7738,21.1855,0.353695,0.990497,0.071113,0.086303,1.000000,21.897301,true
7811,21.3854,0.355297,0.990337,0.068883,0.086808,1.000000,22.110886,true
7884,21.5852,0.356905,0.990176,0.066654,0.087317,1.000000,22.324606,true
7957,21.7851,0.358516,0.990014,0.064427,0.087828,1.000000,22.538462,true
8030,21.9849,0.360131,0.989850,0.062201,0.088342,1.000000,22.752455,true
8103,22.1848,0.361750,0.989685,0.059977,0.088859,1.000000,22.966583,true
8176,22.3847,0.363373,0.989519,0.057754,0.089379,1.000000,23.180849,true
8249,22.5845,0.365000,0.989351,0.055532,0.089902,1.000000,23.395252,true
8322,22.7844,0.366631,0.989182,0.053312,0.090428,1.000000,23.609793,true
8395,22.9843,0.368266,0.989011,0.051094,0.090956,1.000000,23.824471,true
8468,23.1841,0.369904,0.988839,0.048876,0.091488,1.000000,24.039286,true
8541,23.3840,0.371548,0.988665,0.046661,0.092023,1.000000,24.254238,true
8614,23.5838,0.373195,0.988491,0.044447,0.092560,1.000000,24.469330,true
8687,23.7837,0.374847,0.988314,0.042234,0.093101,1.000000,24.684559,true
8760,23.9836,0.376503,0.988136,0.040023,0.093644,1.000000,24.899927,true
8833,24.1834,0.378163,0.987957,0.037813,0.094191,1.000000,25.115433,true
8906,24.3833,0.379828,0.987777,0.035605,0.094741,1.000000,25.331078,true
8979,24.5832,0.381496,0.987595,0.033399,0.095293,1.000000,25.546862,true
9052,24.7830,0.383170,0.987411,0.031194,0.095849,1.000000,25.762785,true
9125,24.9829,0.384848,0.987226,0.028990,0.096409,1.000000,25.978848,true
9198,25.1828,0.386545,0.987040,0.030224,0.097486,1.000000,26.195051,true
9271,25.3826,0.388249,0.986852,0.031784,0.098616,1.000000,26.411394,true
9344,25.5825,0.389957,0.986662,0.033346,0.099749,1.000000,26.627878,true
9417,25.7823,0.391669,0.986472,0.034909,0.100885,1.000000,26.844501,true
9490,25.9822,0.393386,0.986280,0.036474,0.102024,1.000000,27.061266,true
9563,26.1821,0.395107,0.986086,0.038041,0.103166,1.000000,27.278172,true
9636,26.3819,0.396832,0.985892,0.039610,0.104311,1.000000,27.495218,true
9709,26.5818,0.398562,0.985696,0.041180,0.105459,1.000000,27.712406,true
9782,26.7817,0.400297,0.985499,0.042753,0.106611,1.000000,27.929735,true
9855,26.9815,0.402035,0.985300,0.044327,0.107766,1.000000,28.147207,true
9928,27.1814,0.403780,0.985100,0.045903,0.108924,1.000000,28.364820,true
10001,27.3812,0.405528,0.984899,0.047481,0.110085,1.000000,28.582577,true
10074,27.5811,0.407282,0.984697,0.049060,0.111250,1.000000,28.800476,true
10147,27.7810,0.409040,0.984493,0.050642,0.112418,1.000000,29.018517,true
10220,27.9808,0.410803,0.984287,0.052225,0.113590,1.000000,29.236704,true
10293,28.1807,0.412571,0.984081,0.053811,0.114765,1.000000,29.455036,true
10366,28.3806,0.414344,0.983873,0.055398,0.115944,1.000000,29.673512,true
10439,28.5804,0.416122,0.983663,0.056987,0.117126,1.000000,29.892130,true
10512,28.7803,0.417906,0.983452,0.058579,0.118312,1.000000,30.110893,true
10585,28.9802,0.419695,0.983240,0.060172,0.119501,1.000000,30.329802,true
10658,29.1800,0.421489,0.983026,0.061767,0.120694,1.000000,30.548855,true
10731,29.3799,0.423288,0.982811,0.063364,0.121890,1.000000,30.768053,true
10804,29.5797,0.425093,0.982595,0.064963,0.123091,1.000000,30.987396,true
10877,29.7796,0.426903,0.982377,0.066564,0.124295,1.000000,31.206884,true
10950,29.9795,0.428719,0.982157,0.068167,0.125502,1.000000,31.426519,true
11023,30.1793,0.430540,0.981937,0.069773,0.126714,1.000000,31.646299,true
11096,30.3792,0.432367,0.981714,0.071380,0.127929,1.000000,31.866226,true
11169,30.5791,0.434200,0.981490,0.072989,0.129149,1.000000,32.086273,true
11242,30.7789,0.436039,0.981265,0.074601,0.130372,1.000000,32.306545,true
11315,30.9788,0.437884,0.981038,0.076215,0.131599,1.000000,32.526875,true
11388,31.1786,0.439734,0.980810,0.077830,0.132831,1.000000,32.747425,true
11461,31.3785,0.441591,0.980580,0.079448,0.134066,1.000000,32.968067,true
11534,31.5784,0.443454,0.980349,0.081068,0.135305,1.000000,33.188896,true
11607,31.7782,0.445323,0.980116,0.082691,0.136549,1.000000,33.409855,true
11680,31.9781,0.447199,0.979881,0.084315,0.137797,1.000000,33.630962,true
11753,32.1780,0.449081,0.979645,0.085942,0.139049,1.000000,33.852238,true
11826,32.3778,0.450969,0.979408,0.087571,0.140305,1.000000,34.073624,true
11899,32.5777,0.452864,0.979169,0.089202,0.141566,1.000000,34.295219,true
11972,32.7775,0.454766,0.978928,0.090835,0.142831,1.000000,34.516884,true
12045,32.9774,0.456981,0.978686,0.093538,0.155719,1.000000,34.738800,true
12118,33.1773,0.458898,0.978441,0.095189,0.157139,1.000000,34.960762,true
12191,33.3771,0.460823,0.978195,0.096843,0.158565,1.000000,35.182983,true
12264,33.5770,0.462755,0.977948,0.098500,0.159997,1.000000,35.405270,true
12337,33.7769,0.464694,0.977699,0.100159,0.161435,1.000000,35.627769,true
12410,33.9767,0.466640,0.977448,0.101820,0.162878,1.000000,35.850388,true
12483,34.1766,0.468592,0.977196,0.103484,0.164328,1.000000,36.073166,true
12556,34.3765,0.470553,0.976941,0.105150,0.165784,1.000000,36.296116,true
12629,34.5763,0.472520,0.976685,0.106819,0.167246,1.000000,36.519173,true
12702,34.7762,0.474495,0.976428,0.108491,0.168713,1.000000,36.742455,true
12775,34.9760,0.476477,0.976168,0.110164,0.170187,1.000000,36.965794,true
12848,35.1759,0.478467,0.975907,0.111841,0.171668,1.000000,37.189407,true
12921,35.3758,0.480464,0.975644,0.113520,0.173154,1.000000,37.413086,true
12994,35.5756,0.482469,0.975380,0.115202,0.174647,1.000000,37.636978,true
13067,35.7755,0.484482,0.975113,0.116887,0.176147,1.000000,37.861000,true
13140,35.9754,0.486503,0.974845,0.118574,0.177652,1.000000,38.085171,true
13213,36.1752,0.488541,0.974575,0.122680,0.179527,1.000000,38.309536,true
13286,36.3751,0.490587,0.974303,0.127129,0.181459,1.000000,38.533985,true
13359,36.5749,0.492642,0.974029,0.131583,0.183399,1.000000,38.758698,true
13432,36.7748,0.494705,0.973754,0.136051,0.185346,1.000000,38.983479,true
13505,36.9747,0.496776,0.973476,0.140550,0.187305,1.000000,39.208485,true
13578,37.1745,0.498856,0.973197,0.145052,0.189271,1.000000,39.433620,true
13651,37.3744,0.500943,0.972916,0.149558,0.191244,1.000000,39.658905,true
13724,37.5743,0.503039,0.972632,0.154066,0.193224,1.000000,39.884396,true
13797,37.7741,0.505144,0.972347,0.158577,0.195211,1.000000,40.109962,true
13870,37.9740,0.507256,0.972060,0.163092,0.197205,1.000000,40.335804,true
13943,38.1739,0.509378,0.971771,0.167610,0.199206,1.000000,40.561733,true
14016,38.3737,0.511508,0.971480,0.172131,0.201214,1.000000,40.787853,true
14089,38.5736,0.513646,0.971186,0.176656,0.203230,1.000000,41.014145,true
14162,38.7734,0.515794,0.970891,0.181183,0.205253,1.000000,41.240543,true
14235,38.9733,0.517950,0.970594,0.185714,0.207284,1.000000,41.467197,true
14308,39.1732,0.520115,0.970294,0.190248,0.209321,1.000000,41.693939,true
14381,39.3730,0.522289,0.969993,0.194786,0.211367,1.000000,41.920895,true
14454,39.5729,0.524471,0.969689,0.199326,0.213420,1.000000,42.148006,true
14527,39.7728,0.526663,0.969384,0.203870,0.215480,1.000000,42.375240,true
14600,39.9726,0.528864,0.969076,0.208417,0.217549,1.000000,42.602726,true
14673,40.1725,0.531073,0.968766,0.212968,0.219625,1.000000,42.830307,true
14746,40.3723,0.533292,0.968454,0.217522,0.221708,1.000000,43.058098,true
14819,40.5722,0.535520,0.968140,0.222079,0.223800,1.000000,43.286057,true
14892,40.7721,0.537757,0.967823,0.226640,0.225899,1.000000,43.514126,true
14965,40.9719,0.540003,0.967505,0.231204,0.228006,1.000000,43.742466,true
15038,41.1718,0.542258,0.967184,0.235772,0.230121,1.000000,43.970909,true
15111,41.3717,0.544523,0.966861,0.240343,0.232244,1.000000,44.199535,true
15184,41.5715,0.546796,0.966536,0.244917,0.234375,1.000000,44.428364,true
15257,41.7714,0.549079,0.966208,0.249495,0.236514,1.000000,44.657303,true
15330,41.9713,0.551372,0.965879,0.254076,0.238661,1.000000,44.886486,true
15403,42.1711,0.553674,0.965547,0.258661,0.240816,1.000000,45.115814,true
15476,42.3710,0.555984,0.965212,0.263249,0.242979,1.000000,45.345276,true
15549,42.5708,0.558305,0.964876,0.267841,0.245151,1.000000,45.574993,true
15622,42.7707,0.560635,0.964537,0.272436,0.247331,1.000000,45.804829,true
15695,42.9706,0.562973,0.964196,0.277034,0.249518,1.000000,46.034847,true
15768,43.1704,0.565322,0.963852,0.281637,0.251714,1.000000,46.265079,true
15841,43.3703,0.567679,0.963506,0.286242,0.253919,1.000000,46.495430,true
15914,43.5702,0.570046,0.963158,0.290852,0.256131,1.000000,46.726006,true
15987,43.7700,0.572422,0.962807,0.295464,0.258352,1.000000,46.956757,true
16060,43.9699,0.574808,0.962454,0.300081,0.260581,1.000000,47.187634,true
16133,44.1697,0.577202,0.962099,0.304701,0.262819,1.000000,47.418766,true
16206,44.3696,0.579606,0.961741,0.309324,0.265065,1.000000,47.650047,true
16279,44.5695,0.582019,0.961381,0.313951,0.267319,1.000000,47.881458,true
16352,44.7693,0.584441,0.961019,0.318582,0.269582,1.000000,48.113148,true
16425,44.9692,0.586873,0.960654,0.323216,0.271853,1.000000,48.344967,true
16498,45.1691,0.589313,0.960286,0.327853,0.274132,1.000000,48.576935,true
16571,45.3689,0.591763,0.959917,0.332494,0.276420,1.000000,48.809166,true
16644,45.5688,0.594221,0.959544,0.337139,0.278717,1.000000,49.041534,true
16717,45.7687,0.596689,0.959170,0.341788,0.281021,1.000000,49.274059,true
16790,45.9685,0.599165,0.958793,0.346440,0.283335,1.000000,49.506844,true
16863,46.1684,0.601650,0.958413,0.351095,0.285656,1.000000,49.739765,true
16936,46.3682,0.604144,0.958031,0.355754,0.287986,1.000000,49.972847,true
17009,46.5681,0.606647,0.957646,0.360417,0.290325,1.000000,50.206188,true
17082,46.7680,0.609158,0.957259,0.365083,0.292672,1.000000,50.439671,true
17155,46.9678,0.611678,0.956870,0.369753,0.295027,1.000000,50.673309,true
17228,47.1677,0.614206,0.956478,0.374427,0.297391,1.000000,50.907215,true
17301,47.3676,0.616743,0.956083,0.379104,0.299764,1.000000,51.141266,true
17374,47.5674,0.619289,0.955686,0.383785,0.302144,1.000000,51.375465,true
17447,47.7673,0.621842,0.955287,0.388469,0.304533,1.000000,51.609940,true
17520,47.9671,0.624404,0.954885,0.393157,0.306931,1.000000,51.844566,true
17593,48.1670,0.626974,0.954480,0.397848,0.309337,1.000000,52.079346,true
17666,48.3669,0.629552,0.954073,0.402543,0.311751,1.000000,52.314377,true
17739,48.5667,0.632137,0.953663,0.407242,0.314174,1.000000,52.549587,true
17812,48.7666,0.634731,0.953251,0.411944,0.316605,1.000000,52.784954,true
17885,48.9665,0.637332,0.952837,0.416650,0.319045,1.000000,53.020542,true
17958,49.1663,0.639941,0.952419,0.421360,0.321492,1.000000,53.256344,true
18031,49.3662,0.642558,0.951999,0.426072,0.323949,1.000000,53.492302,true
18104,49.5661,0.645181,0.951577,0.430789,0.326413,1.000000,53.728447,true
18177,49.7659,0.647812,0.951152,0.435509,0.328886,1.000000,53.964844,true
18250,49.9658,0.650450,0.950725,0.440233,0.331367,1.000000,54.201401,true
18323,50.1656,0.653095,0.950295,0.444960,0.333856,1.000000,54.438118,true
18396,50.3655,0.655747,0.949862,0.449691,0.336354,1.000000,54.675098,true
18469,50.5654,0.658406,0.949427,0.454425,0.338859,1.000000,54.912258,true
18542,50.7652,0.661072,0.948989,0.459163,0.341373,1.000000,55.149582,true
18615,50.9651,0.663743,0.948549,0.463905,0.343895,1.000000,55.387119,true
18688,51.1650,0.666416,0.948106,0.466376,0.346084,1.000000,55.624889,true
18761,51.3648,0.669094,0.947661,0.468367,0.348209,1.000000,55.862827,true
18834,51.5647,0.671777,0.947213,0.470361,0.350342,1.000000,56.100933,true
18907,51.7645,0.674467,0.946762,0.472359,0.352483,1.000000,56.339306,true
18980,51.9644,0.677163,0.946309,0.474361,0.354631,1.000000,56.577862,true
19053,52.1643,0.679864,0.945854,0.476365,0.356788,1.000000,56.816586,true
19126,52.3641,0.682571,0.945396,0.478373,0.358952,1.000000,57.055515,true
19199,52.5640,0.685283,0.944935,0.480385,0.361125,1.000000,57.294693,true
19272,52.7639,0.688000,0.944472,0.482399,0.363305,1.000000,57.534042,true
19345,52.9637,0.690722,0.944006,0.484417,0.365493,1.000000,57.773567,true
19418,53.1636,0.693449,0.943538,0.486438,0.367689,1.000000,58.013332,true
19491,53.3634,0.696181,0.943067,0.488463,0.369893,1.000000,58.253311,true
19564,53.5633,0.698917,0.942594,0.490491,0.372104,1.000000,58.493465,true
19637,53.7632,0.701658,0.942118,0.492522,0.374324,1.000000,58.733799,true
19710,53.9630,0.704403,0.941640,0.494556,0.376550,1.000000,58.974400,true
19783,54.1629,0.707151,0.941159,0.496594,0.378785,1.000000,59.215191,true
19856,54.3628,0.709904,0.940676,0.498635,0.381027,1.000000,59.456161,true
19929,54.5626,0.712660,0.940190,0.500679,0.383277,1.000000,59.697319,true
20002,54.7625,0.715419,0.939702,0.502727,0.385534,1.000000,59.938747,true
20075,54.9624,0.718181,0.939211,0.504777,0.387799,1.000000,60.180359,true
20148,55.1622,0.720947,0.938717,0.506831,0.390071,1.000000,60.422153,true
20221,55.3621,0.723715,0.938221,0.508888,0.392351,1.000000,60.664146,true
20294,55.5619,0.726486,0.937723,0.510949,0.394639,1.000000,60.906403,true
20367,55.7618,0.729259,0.937221,0.513013,0.396934,1.000000,61.148842,true
20440,55.9617,0.732034,0.936718,0.515079,0.399236,1.000000,61.391468,true
20513,56.1615,0.734811,0.936211,0.517150,0.401546,1.000000,61.634296,true
20586,56.3614,0.737590,0.935703,0.519223,0.403863,1.000000,61.877388,true
20659,56.5613,0.740370,0.935191,0.521299,0.406187,1.000000,62.120667,true
20732,56.7611,0.743151,0.934678,0.523379,0.408519,1.000000,62.364132,true
20805,56.9610,0.745934,0.934161,0.525462,0.410858,1.000000,62.607796,true
20878,57.1608,0.748717,0.933643,0.527548,0.413204,1.000000,62.851730,true
20951,57.3607,0.751501,0.933121,0.529638,0.415557,1.000000,63.095852,true
21024,57.5606,0.754285,0.932597,0.531730,0.417917,1.000000,63.340164,true
21097,57.7604,0.757069,0.932071,0.533825,0.420285,1.000000,63.584667,true
21170,57.9603,0.759852,0.931542,0.535924,0.422660,1.000000,63.829445,true
21243,58.1602,0.762636,0.931011,0.538026,0.425041,1.000000,64.074417,true
21316,58.3600,0.765418,0.930477,0.540131,0.427430,1.000000,64.319473,true
21389,58.5599,0.768200,0.929941,0.542239,0.429826,1.000000,64.564941,true
21462,58.7598,0.770980,0.929402,0.544351,0.432228,1.000000,64.810555,true
21535,58.9596,0.773759,0.928861,0.546465,0.434638,1.000000,65.056244,true
21608,59.1595,0.776536,0.928318,0.548583,0.437055,1.000000,65.302414,true
21681,59.3593,0.779311,0.927771,0.550704,0.439478,1.000000,65.548584,true
21754,59.5592,0.782083,0.927223,0.552828,0.441909,1.000000,65.795052,true
21827,59.7591,0.784853,0.926672,0.554955,0.444346,1.000000,66.041779,true
21900,59.9589,0.787621,0.926118,0.557084,0.446790,1.000000,66.288506,true
21973,60.1588,0.790384,0.925562,0.559218,0.449241,1.000000,66.535759,true
22046,60.3587,0.793145,0.925003,0.561355,0.451699,1.000000,66.783043,true
22119,60.5585,0.795902,0.924442,0.563494,0.454163,0.996845,67.030533,true
22192,60.7584,0.798655,0.923879,0.565637,0.456635,0.993687,67.278374,true
22265,60.9582,0.801403,0.923313,0.567782,0.459113,0.990526,67.526215,true
22338,61.1581,0.804147,0.922744,0.569931,0.461597,0.987361,67.774498,true
22411,61.3580,0.806886,0.922174,0.572083,0.464089,0.984194,68.022896,true
22484,61.5578,0.809620,0.921600,0.574238,0.466587,0.981022,68.271423,true
22557,61.7577,0.812348,0.921025,0.576396,0.469091,0.977846,68.520378,true
22630,61.9576,0.815070,0.920446,0.578557,0.471602,0.974667,68.769333,true
22703,62.1574,0.817786,0.919866,0.580721,0.474120,0.971485,69.018669,true
22776,62.3573,0.820495,0.919282,0.582889,0.476644,0.968299,69.268181,true
22849,62.5572,0.823198,0.918697,0.585059,0.479175,0.965110,69.517761,true
22922,62.7570,0.825893,0.918109,0.587233,0.481713,0.961917,69.767830,true
22995,62.9569,0.828581,0.917518,0.589409,0.484256,0.958720,70.017899,true
23068,63.1567,0.831261,0.916925,0.591589,0.486807,0.955520,70.268295,true
23141,63.3566,0.833933,0.916330,0.593772,0.489363,0.952316,70.518921,true
23214,63.5565,0.836597,0.915732,0.595957,0.491927,0.949109,70.769577,true
23287,63.7563,0.839251,0.915132,0.598146,0.494496,0.945898,71.020760,true
23360,63.9562,0.841897,0.914529,0.600338,0.497072,0.942683,71.271942,true
23433,64.1561,0.844533,0.913924,0.602533,0.499655,0.939465,71.523415,true
23506,64.3559,0.847159,0.913317,0.604731,0.502244,0.936243,71.775154,true
23579,64.5558,0.849774,0.912707,0.606931,0.504838,0.933018,72.026894,true
23652,64.7556,0.852379,0.912094,0.609136,0.507440,0.929790,72.279190,true
23725,64.9555,0.854973,0.911479,0.611343,0.510048,0.926557,72.531487,true
23798,65.1554,0.857556,0.910862,0.613553,0.512662,0.923320,72.784058,true
23871,65.3552,0.860127,0.910243,0.615767,0.515282,0.920080,73.036911,true
23944,65.5551,0.862686,0.909620,0.617982,0.517909,0.916837,73.289764,true
24017,65.7550,0.865233,0.908996,0.620202,0.520542,0.913589,73.543167,true
24090,65.9548,0.867766,0.908369,0.622425,0.523181,0.910339,73.796577,true
24163,66.1547,0.870287,0.907740,0.624650,0.525826,0.907084,74.050255,true
24236,66.3546,0.872794,0.907108,0.626879,0.528478,0.903825,74.304222,true
24309,66.5544,0.875287,0.906473,0.629110,0.531136,0.900563,74.558189,true
24382,66.7543,0.877765,0.905837,0.631345,0.533800,0.897297,74.812706,true
24455,66.9541,0.880229,0.905198,0.633583,0.536470,0.894028,75.067230,true
24528,67.1540,0.882678,0.904556,0.635823,0.539146,0.890755,75.322029,true
24601,67.3539,0.885111,0.903912,0.638067,0.541828,0.887478,75.577110,true
24674,67.5537,0.887529,0.903266,0.640314,0.544517,0.884198,75.832199,true
24747,67.7536,0.889930,0.902617,0.642564,0.547211,0.880913,76.087837,true
24820,67.9535,0.892315,0.901966,0.644817,0.549912,0.877625,76.343475,true
24893,68.1533,0.894682,0.901313,0.647073,0.552619,0.874333,76.599411,true
24966,68.3532,0.897032,0.900657,0.649332,0.555332,0.871037,76.855606,true
25039,68.5530,0.899364,0.899998,0.651594,0.558051,0.867738,77.111832,true
25112,68.7529,0.901678,0.899338,0.653860,0.560776,0.864434,77.368584,true
25185,68.9528,0.903974,0.898674,0.656128,0.563507,0.861128,77.625336,true
25258,69.1526,0.906250,0.898009,0.658399,0.566245,0.857816,77.882416,true
25331,69.3525,0.908507,0.897341,0.660674,0.568988,0.854502,78.139725,true
25404,69.5524,0.910127,0.896670,0.662825,0.571255,0.851183,78.397034,true
25477,69.7522,0.911679,0.895998,0.664966,0.573481,0.847861,78.654846,true
25550,69.9521,0.913220,0.895323,0.667110,0.575712,0.844566,78.912712,true
25623,70.1520,0.914751,0.894645,0.669255,0.577947,0.843456,79.170578,true
25696,70.3518,0.916271,0.893966,0.671404,0.580187,0.842346,79.428879,true
25769,70.5517,0.917780,0.893284,0.673555,0.582431,0.841233,79.687302,true
25842,70.7515,0.919278,0.892600,0.675709,0.584679,0.840119,79.945724,true
25915,70.9514,0.920765,0.891913,0.677865,0.586932,0.839005,80.204521,true
25988,71.1513,0.922241,0.891224,0.680025,0.589189,0.837889,80.463501,true
26061,71.3511,0.923705,0.890533,0.682186,0.591451,0.836770,80.722481,true
26134,71.5510,0.925158,0.889840,0.684350,0.593717,0.835652,80.981781,true
26207,71.7509,0.926599,0.889145,0.686517,0.595987,0.834534,81.241318,true
26280,71.9507,0.928029,0.888447,0.688686,0.598262,0.833411,81.500854,true
26353,72.1506,0.929446,0.887747,0.690858,0.600541,0.832288,81.760658,true
26426,72.3504,0.930852,0.887044,0.693034,0.602825,0.831166,82.020752,true
26499,72.5503,0.932246,0.886339,0.695211,0.605113,0.830041,82.280846,true
26572,72.7502,0.933627,0.885632,0.697389,0.607406,0.828914,82.540939,true
26645,72.9500,0.934997,0.884923,0.699570,0.609702,0.827787,82.801033,true
26718,73.1499,0.936353,0.884211,0.701752,0.612002,0.826659,83.061127,true
26791,73.3498,0.937698,0.883497,0.703936,0.614307,0.825528,83.321220,true
26864,73.5496,0.939029,0.882781,0.705961,0.616592,0.824396,83.581314,true
26937,73.7495,0.940348,0.882063,0.707837,0.618858,0.823265,83.841408,true
27010,73.9493,0.941654,0.881342,0.709714,0.621129,0.822131,84.101501,true
27083,74.1492,0.942948,0.880620,0.711593,0.623403,0.820995,84.361595,true
27156,74.3491,0.944228,0.879895,0.713474,0.625681,0.819860,84.621689,true
27229,74.5489,0.945495,0.879168,0.715356,0.627963,0.818724,84.881783,true
27302,74.7488,0.946748,0.878440,0.717240,0.630250,0.817584,85.141876,true
27375,74.9487,0.947989,0.877709,0.719125,0.632539,0.816444,85.401970,true
27448,75.1485,0.949216,0.876976,0.721012,0.634833,0.815304,85.662064,true
27521,75.3484,0.950429,0.876241,0.722901,0.637130,0.814162,85.922157,true
27594,75.5483,0.951629,0.875504,0.724792,0.639432,0.813018,86.182251,true
27667,75.7481,0.952815,0.874765,0.726684,0.641738,0.811874,86.442345,true
27740,75.9480,0.953988,0.874023,0.728578,0.644048,0.810729,86.702438,true
27813,76.1478,0.955147,0.873280,0.730474,0.646362,0.809581,86.962532,true
27886,76.3477,0.956291,0.872535,0.732371,0.648679,0.808433,87.222626,true
27959,76.5476,0.957422,0.871787,0.734270,0.651000,0.807284,87.482719,true
28032,76.7474,0.958538,0.871038,0.736171,0.653325,0.806134,87.742813,true
28105,76.9473,0.959641,0.870286,0.738073,0.655654,0.804981,88.002907,true
28178,77.1472,0.960729,0.869533,0.739977,0.657987,0.803828,88.263000,true
28251,77.3470,0.961803,0.868777,0.741883,0.660323,0.802675,88.523094,true
28324,77.5469,0.962863,0.868019,0.743790,0.662664,0.801519,88.783188,true
28397,77.7467,0.963908,0.867259,0.745699,0.665009,0.800362,89.043282,true
28470,77.9466,0.964938,0.866497,0.747610,0.667358,0.799205,89.303375,true
28543,78.1465,0.965954,0.865733,0.749523,0.669710,0.798047,89.563469,true
28616,78.3463,0.966955,0.864967,0.751437,0.672066,0.796885,89.823563,true
28689,78.5462,0.967942,0.864199,0.753353,0.674426,0.795723,90.083656,true
28762,78.7461,0.968914,0.863429,0.755271,0.676790,0.794562,90.343750,true
28835,78.9459,0.969871,0.862657,0.757190,0.679158,0.793397,90.603844,true
28908,78.9733,0.970001,0.862551,0.757453,0.679482,0.793238,90.639473,false
